sending,receiving,Relationship
Node14,Node50,connected_to
Node270,Node279,connected_to
Node160,Node301,connected_to
Node376,Node100,connected_to
Node441,Node155,related_to
Node66,Node348,depends_on
Node167,Node223,related_to
Node246,Node350,related_to
Node228,Node496,connected_to
Node172,Node133,depends_on
Node147,Node66,connected_to
Node80,Node160,connected_to
Node493,Node421,part_of
Node148,Node147,related_to
Node206,Node283,connected_to
Node392,Node455,depends_on
Node87,Node269,part_of
Node205,Node9,depends_on
Node140,Node172,part_of
Node93,Node203,related_to
Node189,Node312,depends_on
Node444,Node54,depends_on
Node239,Node353,part_of
Node38,Node82,part_of
Node408,Node319,part_of
Node178,Node241,depends_on
Node180,Node378,depends_on
Node18,Node450,connected_to
Node361,Node425,depends_on
Node42,Node235,part_of
Node202,Node13,related_to
Node72,Node244,connected_to
Node346,Node257,part_of
Node43,Node395,connected_to
Node216,Node45,connected_to
Node392,Node75,part_of
Node159,Node493,part_of
Node107,Node228,depends_on
Node221,Node227,connected_to
Node328,Node207,depends_on
Node138,Node184,connected_to
Node405,Node80,part_of
Node456,Node482,connected_to
Node474,Node274,depends_on
Node344,Node434,part_of
Node86,Node114,connected_to
Node77,Node29,related_to
Node207,Node342,part_of
Node371,Node203,part_of
Node222,Node386,depends_on
Node454,Node348,depends_on
Node331,Node350,related_to
Node214,Node50,depends_on
Node241,Node12,related_to
Node435,Node478,part_of
Node107,Node242,related_to
Node47,Node370,part_of
Node386,Node167,part_of
Node260,Node134,related_to
Node376,Node487,depends_on
Node186,Node94,depends_on
Node9,Node306,part_of
Node433,Node266,related_to
Node13,Node76,depends_on
Node208,Node181,part_of
Node216,Node496,part_of
Node395,Node306,related_to
Node448,Node429,connected_to
Node182,Node205,connected_to
Node465,Node306,related_to
Node115,Node405,part_of
Node67,Node110,related_to
Node275,Node107,part_of
Node354,Node484,related_to
Node107,Node217,depends_on
Node157,Node212,related_to
Node344,Node286,related_to
Node115,Node350,depends_on
Node124,Node372,related_to
Node267,Node492,related_to
Node298,Node418,connected_to
Node243,Node110,depends_on
Node108,Node385,part_of
Node340,Node259,part_of
Node80,Node232,part_of
Node145,Node176,related_to
Node195,Node412,depends_on
Node232,Node433,related_to
Node148,Node357,related_to
Node377,Node383,connected_to
Node482,Node474,part_of
Node125,Node270,depends_on
Node499,Node88,connected_to
Node303,Node383,related_to
Node424,Node190,part_of
Node376,Node220,related_to
Node199,Node71,connected_to
Node327,Node130,related_to
Node226,Node396,depends_on
Node58,Node499,depends_on
Node235,Node131,part_of
Node316,Node311,related_to
Node384,Node438,connected_to
Node414,Node163,depends_on
Node316,Node4,related_to
Node265,Node225,related_to
Node253,Node475,part_of
Node22,Node492,related_to
Node115,Node356,related_to
Node291,Node193,related_to
Node407,Node105,connected_to
Node457,Node380,related_to
Node325,Node359,connected_to
Node204,Node478,connected_to
Node60,Node174,part_of
Node195,Node227,part_of
Node30,Node254,connected_to
Node261,Node125,related_to
Node413,Node76,related_to
Node108,Node211,depends_on
Node249,Node94,connected_to
Node86,Node196,related_to
Node390,Node250,related_to
Node392,Node12,connected_to
Node10,Node449,related_to
Node351,Node171,connected_to
Node436,Node399,part_of
Node485,Node173,related_to
Node31,Node270,part_of
Node468,Node342,connected_to
Node362,Node85,depends_on
Node472,Node265,connected_to
Node233,Node183,connected_to
Node102,Node388,related_to
Node397,Node409,part_of
Node214,Node340,related_to
Node26,Node258,related_to
Node52,Node396,connected_to
Node325,Node67,part_of
Node463,Node407,part_of
Node289,Node484,related_to
Node401,Node243,depends_on
Node470,Node464,connected_to
Node16,Node219,depends_on
Node305,Node188,connected_to
Node416,Node69,related_to
Node260,Node248,depends_on
Node283,Node108,depends_on
Node153,Node316,related_to
Node475,Node340,part_of
Node428,Node41,related_to
Node131,Node443,depends_on
Node331,Node179,depends_on
Node318,Node331,part_of
Node453,Node251,related_to
Node454,Node320,depends_on
Node5,Node140,depends_on
Node395,Node33,part_of
Node88,Node411,part_of
Node310,Node90,part_of
Node100,Node369,part_of
Node235,Node413,part_of
Node319,Node331,depends_on
Node317,Node269,connected_to
Node240,Node127,connected_to
Node497,Node346,depends_on
Node31,Node274,depends_on
Node313,Node362,part_of
Node208,Node223,part_of
Node258,Node284,part_of
Node127,Node288,connected_to
Node69,Node96,related_to
Node435,Node96,part_of
Node52,Node11,connected_to
Node482,Node61,depends_on
Node370,Node324,connected_to
Node126,Node295,connected_to
Node6,Node111,related_to
Node438,Node467,connected_to
Node495,Node390,part_of
Node494,Node63,related_to
Node350,Node39,depends_on
Node80,Node311,depends_on
Node128,Node373,part_of
Node13,Node70,depends_on
Node381,Node59,part_of
Node139,Node15,connected_to
Node306,Node189,connected_to
Node428,Node447,related_to
Node257,Node450,connected_to
Node132,Node18,related_to
Node463,Node268,depends_on
Node68,Node233,depends_on
Node144,Node373,connected_to
Node408,Node374,related_to
Node158,Node492,related_to
Node71,Node131,part_of
Node262,Node410,part_of
Node300,Node332,related_to
Node117,Node197,connected_to
Node191,Node135,part_of
Node206,Node204,part_of
Node384,Node399,related_to
Node223,Node358,related_to
Node455,Node103,connected_to
Node256,Node448,depends_on
Node177,Node7,depends_on
Node31,Node421,connected_to
Node279,Node45,connected_to
Node295,Node315,connected_to
Node409,Node33,connected_to
Node440,Node112,connected_to
Node375,Node211,part_of
Node16,Node215,connected_to
Node77,Node289,part_of
Node376,Node333,depends_on
Node437,Node126,part_of
Node277,Node404,part_of
Node417,Node420,part_of
Node241,Node148,depends_on
Node36,Node255,related_to
Node116,Node303,part_of
Node140,Node498,part_of
Node141,Node89,depends_on
Node180,Node475,connected_to
Node10,Node498,connected_to
Node405,Node291,depends_on
Node204,Node153,connected_to
Node135,Node28,connected_to
Node252,Node454,related_to
Node271,Node457,connected_to
Node28,Node337,part_of
Node212,Node109,connected_to
Node282,Node380,connected_to
Node109,Node56,related_to
Node446,Node50,related_to
Node211,Node399,connected_to
Node346,Node321,connected_to
Node373,Node195,related_to
Node266,Node479,related_to
Node3,Node475,connected_to
Node12,Node210,depends_on
Node32,Node13,part_of
Node276,Node9,part_of
Node380,Node339,depends_on
Node112,Node309,connected_to
Node228,Node420,connected_to
Node399,Node493,part_of
Node430,Node216,related_to
Node491,Node91,connected_to
Node382,Node415,part_of
Node102,Node144,depends_on
Node441,Node53,depends_on
Node480,Node313,depends_on
Node5,Node92,part_of
Node215,Node430,part_of
Node430,Node205,connected_to
Node289,Node408,connected_to
Node414,Node254,related_to
Node108,Node416,part_of
Node291,Node45,connected_to
Node82,Node321,part_of
Node228,Node445,part_of
Node386,Node51,part_of
Node267,Node495,connected_to
Node68,Node201,connected_to
Node270,Node45,connected_to
Node160,Node292,connected_to
Node342,Node195,depends_on
Node419,Node338,part_of
Node41,Node128,related_to
Node144,Node376,part_of
Node361,Node424,connected_to
Node211,Node182,related_to
Node368,Node322,connected_to
Node498,Node289,related_to
Node409,Node157,part_of
Node223,Node67,related_to
Node491,Node349,depends_on
Node499,Node293,depends_on
Node43,Node280,part_of
Node480,Node323,related_to
Node186,Node23,depends_on
Node452,Node14,depends_on
Node19,Node433,connected_to
Node355,Node352,depends_on
Node255,Node422,connected_to
Node421,Node263,part_of
Node488,Node57,depends_on
Node31,Node152,depends_on
Node476,Node406,related_to
Node294,Node95,related_to
Node322,Node418,part_of
Node199,Node178,part_of
Node439,Node350,related_to
Node16,Node220,related_to
Node155,Node325,connected_to
Node412,Node174,related_to
Node432,Node367,part_of
Node107,Node409,connected_to
Node11,Node344,depends_on
Node151,Node51,connected_to
Node101,Node149,connected_to
Node175,Node182,part_of
Node357,Node280,depends_on
Node307,Node440,part_of
Node269,Node431,part_of
Node78,Node272,connected_to
Node214,Node187,depends_on
Node103,Node3,depends_on
Node108,Node72,connected_to
Node56,Node236,part_of
Node421,Node232,part_of
Node43,Node86,related_to
Node410,Node390,related_to
Node69,Node181,depends_on
Node22,Node455,depends_on
Node195,Node30,connected_to
Node307,Node52,part_of
Node89,Node376,part_of
Node232,Node15,depends_on
Node30,Node333,depends_on
Node407,Node114,part_of
Node22,Node298,depends_on
Node371,Node467,part_of
Node303,Node437,connected_to
Node118,Node457,related_to
Node81,Node316,related_to
Node282,Node105,related_to
Node53,Node90,related_to
Node405,Node253,part_of
Node419,Node160,related_to
Node28,Node9,related_to
Node63,Node332,depends_on
Node269,Node136,part_of
Node403,Node78,depends_on
Node436,Node209,related_to
Node451,Node14,part_of
Node319,Node165,part_of
Node461,Node166,depends_on
Node267,Node453,connected_to
Node14,Node489,related_to
Node385,Node113,connected_to
Node258,Node439,depends_on
Node118,Node254,part_of
Node43,Node481,depends_on
Node118,Node414,depends_on
Node182,Node49,depends_on
Node43,Node254,connected_to
Node82,Node308,depends_on
Node500,Node443,related_to
Node206,Node261,part_of
Node309,Node454,part_of
Node379,Node40,connected_to
Node64,Node313,depends_on
Node480,Node184,depends_on
Node267,Node258,related_to
Node13,Node48,connected_to
Node346,Node136,connected_to
Node469,Node438,related_to
Node188,Node140,part_of
Node95,Node372,related_to
Node2,Node265,connected_to
Node261,Node110,part_of
Node384,Node182,connected_to
Node489,Node153,connected_to
Node114,Node277,connected_to
Node309,Node48,depends_on
Node116,Node235,depends_on
Node218,Node463,part_of
Node214,Node54,related_to
Node283,Node73,depends_on
Node54,Node69,part_of
Node376,Node212,depends_on
Node131,Node340,depends_on
Node198,Node51,depends_on
Node305,Node356,part_of
Node123,Node316,part_of
Node369,Node96,part_of
Node384,Node417,part_of
Node87,Node235,depends_on
Node231,Node437,related_to
Node128,Node102,related_to
Node482,Node109,related_to
Node27,Node356,related_to
Node440,Node486,connected_to
Node456,Node403,part_of
Node374,Node94,depends_on
Node194,Node65,depends_on
Node392,Node420,related_to
Node69,Node76,depends_on
Node417,Node26,connected_to
Node151,Node365,part_of
Node346,Node432,depends_on
Node81,Node164,connected_to
Node132,Node322,part_of
Node347,Node386,part_of
Node76,Node194,related_to
Node319,Node466,connected_to
Node308,Node318,related_to
Node444,Node303,connected_to
Node287,Node299,connected_to
Node332,Node33,connected_to
Node172,Node490,part_of
Node409,Node355,related_to
Node485,Node127,connected_to
Node267,Node113,connected_to
Node475,Node222,part_of
Node362,Node201,related_to
Node96,Node441,related_to
Node166,Node19,depends_on
Node442,Node325,related_to
Node233,Node112,depends_on
Node36,Node96,related_to
Node334,Node429,connected_to
Node166,Node305,related_to
Node484,Node285,related_to
Node81,Node102,related_to
Node414,Node264,connected_to
Node287,Node125,connected_to
Node81,Node325,connected_to
Node442,Node233,depends_on
Node295,Node346,connected_to
Node121,Node58,part_of
Node377,Node155,depends_on
Node125,Node409,connected_to
Node355,Node305,connected_to
Node284,Node248,related_to
Node233,Node498,related_to
Node214,Node173,connected_to
Node241,Node93,depends_on
Node212,Node113,related_to
Node382,Node416,related_to
Node441,Node417,connected_to
Node3,Node103,related_to
Node157,Node146,connected_to
Node240,Node304,part_of
Node424,Node63,connected_to
Node202,Node231,related_to
Node440,Node476,related_to
Node124,Node491,related_to
Node82,Node48,depends_on
Node478,Node455,depends_on
Node42,Node93,connected_to
Node247,Node45,related_to
Node422,Node250,part_of
Node224,Node186,related_to
Node105,Node439,related_to
Node263,Node367,related_to
Node416,Node43,connected_to
Node54,Node32,connected_to
Node13,Node413,related_to
Node376,Node71,depends_on
Node287,Node75,related_to
Node340,Node452,part_of
Node275,Node443,part_of
Node246,Node121,depends_on
Node67,Node160,related_to
Node217,Node11,related_to
Node110,Node133,connected_to
Node271,Node138,connected_to
Node456,Node253,depends_on
Node277,Node312,related_to
Node406,Node204,connected_to
Node333,Node371,connected_to
Node158,Node291,related_to
Node33,Node230,related_to
Node91,Node214,related_to
Node334,Node118,connected_to
Node372,Node455,connected_to
Node188,Node211,part_of
Node240,Node50,depends_on
Node54,Node464,connected_to
Node423,Node70,depends_on
Node367,Node13,connected_to
Node437,Node131,connected_to
Node132,Node181,part_of
Node335,Node419,part_of
Node137,Node197,connected_to
Node385,Node476,part_of
Node4,Node190,depends_on
Node57,Node247,connected_to
Node114,Node489,connected_to
Node17,Node135,related_to
Node275,Node64,related_to
Node355,Node14,part_of
Node465,Node335,related_to
Node214,Node157,connected_to
Node395,Node498,related_to
Node433,Node126,depends_on
Node416,Node232,part_of
Node87,Node19,connected_to
Node202,Node430,related_to
Node106,Node46,part_of
Node364,Node12,connected_to
Node384,Node149,related_to
Node324,Node123,depends_on
Node274,Node93,depends_on
Node33,Node175,related_to
Node9,Node464,part_of
Node439,Node100,connected_to
Node406,Node58,related_to
Node436,Node284,connected_to
Node157,Node430,connected_to
Node226,Node325,depends_on
Node78,Node32,connected_to
Node436,Node432,part_of
Node258,Node273,part_of
Node121,Node333,depends_on
Node342,Node163,depends_on
Node179,Node269,connected_to
Node465,Node466,related_to
Node134,Node338,depends_on
Node162,Node145,related_to
Node254,Node374,connected_to
Node370,Node492,depends_on
Node123,Node22,depends_on
Node198,Node56,depends_on
Node17,Node28,part_of
Node299,Node466,part_of
Node114,Node106,connected_to
Node236,Node482,depends_on
Node29,Node309,connected_to
Node255,Node394,depends_on
Node420,Node412,connected_to
Node279,Node121,part_of
Node380,Node81,part_of
Node110,Node140,part_of
Node441,Node130,related_to
Node300,Node108,part_of
Node38,Node35,connected_to
Node359,Node490,part_of
Node339,Node298,part_of
Node417,Node220,related_to
Node253,Node432,part_of
Node142,Node248,connected_to
Node415,Node456,connected_to
Node373,Node138,related_to
Node18,Node394,connected_to
Node290,Node191,related_to
Node84,Node431,part_of
Node294,Node416,depends_on